
:TiDiscountCheckFilled: DataBaseì˜ ì‹œì‘ì€ fileì´ ê°€ì§„ ë‹¨ì ì„ ë³´ì™„í•˜ê¸° ìœ„í•´ì„œ databaseë¼ëŠ” ê°œë…ì´ íƒ„ìƒí–ˆë‹¤.

### ğŸš© ë°ì´í„°ë² ì´ìŠ¤ì˜ ë³¸ì§ˆ
#### ğŸ’¡  ì–´ë–»ê²Œ ë°ì´í„°ë¥¼ ì…ë ¥í•˜ê³  ì–´ë–»ê²Œ ì¶œë ¥ì„ í• ê¹Œ? 
	C : create
	R : read
	U : update
	D : Delete
![[Screenshot 2023-11-06 at 10.16.23â€¯PM.png]]
	- DataBaseëŠ” SpreadSheetë³´ë‹¤ í•œ ê±¸ìŒ ì•ì— ìˆëŠ” ê²ƒì´ë¼ê³  ìƒê°í•  ìˆ˜ ìˆë‹¤!
	- ì–´ë–¤ ê²ƒì„ ê³µë¶€í•  ê²ƒì¸ê°€ë¥¼ ì„ íƒí•˜ë ¤ê³  í• ë•Œ ê²€ìƒ‰ì„ í†µí•´ì„œ ë‚´ê°€ ê³µë¶€í•˜ë ¤ëŠ” DBë¥¼ ì„ ì •í•˜ì—¬ ê³µë¶€ë¥¼ í•´ë³´ì! ê´€ê³„í˜• ë°ì´í„° ë² ì´ìŠ¤ë¥¼ ê¸°ë³¸ì ìœ¼ë¡œ ì§„í–‰ì„ í•˜ê³  ë‹¤ë¥¸ ë°©ì‹ì˜ ë°ì´í„° ë² ì´ìŠ¤ë¥¼ ê³µë¶€í•˜ë©´ì„œ ë°ì´í„° ë² ì´ìŠ¤ì— ëŒ€í•œ ê³ ì •ê´€ë…ì„ ë¶€ìˆ˜ê³  ë” ì‹œì•¼ë¥¼ ë„“íˆëŠ” ê²ƒì´ ì¤‘ìš”í•˜ë‹¤!
		- Oracle : ê´€ê³µì„œ, ëŒ€ê¸°ì—…ì—ì„œ ë§ì´ ì‚¬ìš©í•œë‹¤.
		- MySQL : ê°œì¸ í˜¹ì€ ìŠ¤íƒ€íŠ¸ì—… ê°™ì€ ê³³ì—ì„œëŠ” ë§ì´ ì‚¬ìš©í•œë‹¤. â­â­â­â­:FasStarHalfStroke:
		- MongoDB : ë‹¤ì–‘í•œ ë°ì´í„°ê°€ ë“±ì¥í•¨ì— ë”°ë¼ ê´€ê³„í˜• ë°ì´í„° ë² ì´ìŠ¤ê°€ ë¬¸ì œê°€ ë  ìˆ˜ ìˆëŠ” íë¦„ì—ì„œ NoSQL ê°™ì€ ë°©í–¥ë„ ìˆë‹¤.


## ğŸš© What is MySQL?

### :TiLayoutSidebar: Relational Database(skima) - MySQL(Structured Query Language)

##### ğŸ“— Set-up
1. `cd /usr/local/mysql/bin/`
2. mysql -uroot : ë‚˜ëŠ” ì§€ê¸ˆë¶€í„° mysqlì„ ì‚¬ìš©í•œë‹¤!ë¼ëŠ” ì˜ë¯¸ì™€ ê°™ë‹¤. / ì´ê²ƒì€ ì™„ì „í•œ ê¶Œí•œì„ ê°€ì ¸ê°€ëŠ” ê²ƒì´ê¸° ë•Œë¬¸ì— ì •ë§ ê°œë°œì„ ì§„í–‰í•  ë•Œì—ëŠ” ë‹¤ë¥¸ ë°©ë²•ìœ¼ë¡œ ì§„í–‰ì„ í•œë‹¤.
3. `mysql>` ê³¼ ê°™ì€ í˜•íƒœê°€ ë‚˜ì˜¤ë©´ ì„±ê³µì´ë‹¤!
4. schemaë¼ëŠ” ê²ƒì€ ì—¬ëŸ¬ê°€ì§€ì˜ ë°ì´í„°ë¥¼ í•˜ë‚˜ë¡œ ë¬¶ì€ ê²ƒì„ ìš°ë¦¬ê°€ DataBaseë¼ê³  í•˜ëŠ”ë° ê·¸ê²ƒì„ ë‹¤ë¥¸ ì´ë¦„ìœ¼ë¡œ ìŠ¤í‚¤ë§ˆë¼ê³  ëª…ëª…í•œë‹¤.

##### ğŸ“— Structure of mySql![[Screenshot 2023-11-06 at 10.44.24â€¯PM.png]]
DataBaseServer -> Database(Schema) -> Table ![[Screenshot 2023-11-06 at 10.44.24â€¯PM.png]]
- Build DB : `CREATE DATABASE ${name}`  <- ->  `DROP DATABASE ${name}`
```mysql
mysql> CREATE DATABASE jake;
Query OK, 1 row affected (0.00 sec)

mysql> SHOW DATABASES;
+--------------------+
| Database           |
+--------------------+
| information_schema |
| jake               |
| mysql              |
| performance_schema |
| phpmyadmin         |
| sys                |
+--------------------+
6 rows in set (0.00 sec)

mysql> USE jake;
Database changed
```
![[Screenshot 2023-11-06 at 10.54.31â€¯PM.png]]

##### ğŸ“— How to make a table in mySQL?
	![[mysql-cheat-sheet-a4.pdf]]
	`id INT(11) NOT NULL AUTO_INCREMENT`  Not nullì€ ë¹ˆ ê°’ì´ ë“¤ì–´ì˜¤ë©´ ì•ˆëœë‹¤ëŠ” ì˜ë¯¸í•˜ê³ , auto_incrementëŠ” ìë™ìœ¼ë¡œ ìˆ«ìê°€ ì¦ê°€í•˜ê²Œ ë˜ì–´ ì¤‘ë³µì„ ë°©ì§€í•œë‹¤.
	
	
```mysql
mysql> CREATE TABLE topic(
    -> id INT(11) NOT NULL AUTO_INCREMENT,
    -> title VARCHAR(100) NOT NULL,
    -> description TEXT NULL, 
    -> created DATETIME NOT NULL, 
    -> author VARCHAR(15) NULL, 
    -> profile VARCHAR(200) NULL 
    -> );

Query OK, 0 rows affected (0.02 sec)
```
ìœ„ê°€ ê¸°ë³¸ì ìœ¼ë¡œ ë§Œë“¤ì–´ì•¼í•˜ëŠ” database ì˜ ì–‘ì‹ì´ë‹¤. ì—¬ê¸°ì„œ ì œì¼ ì¤‘ìš”í•œ ë¶€ë¶„ì€ :TiAlertTriangleFilled:PRIMARY KEYë¥¼ ì •í•˜ì—¬ ë°ì´í„°ë² ì´ìŠ¤ë¥¼ ì •ë¦¬í•˜ê³  êµ¬ë¶„í•˜ëŠ”ë° ì¤‘ìš”í•˜ê²Œ ì‘ìš©í•˜ì—¬ ì¤‘ë³µì„ ë°©ì§€í•˜ëŠ” ë“±ì˜ ì—­í• ì„ í•œë‹¤.  ìœ„ì˜ ì‘ì—…ì€ ì£¼ë¡œí•˜ëŠ” ì‘ì—…ì´ ì•„ë‹ˆê³  ì´ëŸ¬í•œ ë°ì´í„° ë² ì´ìŠ¤ë¥¼ ì²˜ë¦¬í•˜ëŠ” ë°©ë²•ì´ ì¤‘ìš”í•˜ê¸° ë•Œë¬¸ì— íŠ¹ì„±ì„ ì´í•´ë¥¼ í•´ì•¼í•œë‹¤.

-  ìœ„ì˜ í…Œì´ë¸”ì„ ë§Œë“¤ë•Œ ì…ë ¥ì´ ë˜ëŠ” ë°ì´í„° íƒ€ì…ì„ ê°•ì œí•¨ìœ¼ë¡œì¨ ë‚´ê°€ ë°ì´í„°ë¥¼ ì •ë¦¬í•˜ëŠ”ë° í›¨ì”¬ ìš©ì´í•˜ê²Œ ì§„í–‰í•  ìˆ˜ ìˆë‹¤. í•˜ì§€ë§Œ, ì´ëŸ¬í•œ ë°ì´í„°íƒ€ì…ì„ ì •í• ë•ŒëŠ” ìˆ˜ìš©í•˜ë ¤ëŠ” ë°ì´í„°ì— ìµœëŒ“ê°’ì— ê°€ì¥ ìˆ˜ë ´í•˜ëŠ” ê°’ì„ ì„ ì •í•˜ì—¬ ë°ì´í„°íƒ€ì…, ê·¸ ë°ì´í„°ì˜ ê¸¸ì´ë¥¼ ì •í•˜ëŠ” ê²ƒì˜ ì¤‘ìš”ì„±ì„ ì•Œ ìˆ˜ ìˆë‹¤. 
-  ë°ì´í„°ë² ì´ìŠ¤ë¥¼ ë‹¤ë£¨ëŠ”ë° ìˆì–´ ì¤‘ìš”í•œ ëŠ¥ë ¥ì€ dbë¥¼ ì§ì ‘ ë¹ ë¥´ê²Œ ë§Œë“œëŠ”ê²ƒë„ ì¤‘ìš”í•˜ì§€ë§Œ, ë‚´ê°€ í•„ìš”í•œ ê²ƒì„ ì •í™•í•˜ê²Œ ê²€ìƒ‰í•˜ì—¬ ì°¾ì„ ìˆ˜ ìˆì–´ì•¼ í•œë‹¤.
Main reference : https://dev.mysql.com/doc/refman/8.0/en/create-table.html


##### ğŸ“— Insert(CREATE)
```mysql
mysql> SHOW DATABASES
    -> ;
+--------------------+
| Database           |
+--------------------+
| information_schema |
| jake               |
| mysql              |
| performance_schema |
| phpmyadmin         |
| sys                |
+--------------------+
6 rows in set (0.00 sec)

mysql> SHOW TABLES;
+----------------+
| Tables_in_jake |
+----------------+
| main           |
| topic          |
+----------------+
2 rows in set (0.00 sec)

mysql> DESC topic;
+-------------+--------------+------+-----+---------+----------------+
| Field       | Type         | Null | Key | Default | Extra          |
+-------------+--------------+------+-----+---------+----------------+
| id          | int(11)      | NO   | PRI | NULL    | auto_increment |
| title       | varchar(100) | NO   |     | NULL    |                |
| description | text         | YES  |     | NULL    |                |
| created     | datetime     | NO   |     | NULL    |                |
| author      | varchar(15)  | YES  |     | NULL    |                |
| profile     | varchar(200) | YES  |     | NULL    |                |
+-------------+--------------+------+-----+---------+----------------+
6 rows in set (0.01 sec)

mysql> INSERT INTO topic (title,description,created,author,profile) VALUES('MySQL', 'MYSQL is ...',NOW(),'jake','student')
    -> ;
Query OK, 1 row affected (0.01 sec)

mysql> SELECT * FROM topic ;
+----+-------+--------------+---------------------+--------+---------+
| id | title | description  | created             | author | profile |
+----+-------+--------------+---------------------+--------+---------+
|  1 | MySQL | MYSQL is ... | 2023-11-07 07:14:17 | jake   | student |
+----+-------+--------------+---------------------+--------+---------+
1 row in set (0.00 sec)

mysql> INSERT INTO topic (title,description,created,author,profile) VALUES('ORACLE', 'ORACLE is ...',NOW(),'jake','student');
Query OK, 1 row affected (0.00 sec)

mysql> SELECT * FROM topic ;                                                                          
+----+--------+---------------+---------------------+--------+---------+
| id | title  | description   | created             | author | profile |
+----+--------+---------------+---------------------+--------+---------+
|  1 | MySQL  | MYSQL is ...  | 2023-11-07 07:14:17 | jake   | student |
|  2 | ORACLE | ORACLE is ... | 2023-11-07 07:15:10 | jake   | student |
+----+--------+---------------+---------------------+--------+---------+
2 rows in set (0.00 sec)

mysql> INSERT INTO topic (title,description,created,author,profile) VALUES('MongoDB', 'MongoDB is ...',NOW(),'jake','student');
Query OK, 1 row affected (0.00 sec)

mysql> SELECT * FROM topic ;                                                                          
+----+---------+----------------+---------------------+--------+---------+
| id | title   | description    | created             | author | profile |
+----+---------+----------------+---------------------+--------+---------+
|  1 | MySQL   | MYSQL is ...   | 2023-11-07 07:14:17 | jake   | student |
|  2 | ORACLE  | ORACLE is ...  | 2023-11-07 07:15:10 | jake   | student |
|  3 | MongoDB | MongoDB is ... | 2023-11-07 07:15:59 | jake   | student |
+----+---------+----------------+---------------------+--------+---------+
3 rows in set (0.00 sec)
```


##### ğŸ“— SELECT(READ)
```mysql
mysql> SELECT * FROM topic ;                                                                          
+----+--------+---------------+---------------------+--------+---------+
| id | title  | description   | created             | author | profile |
+----+--------+---------------+---------------------+--------+---------+
|  1 | MySQL  | MYSQL is ...  | 2023-11-07 07:14:17 | jake   | student |
|  2 | ORACLE | ORACLE is ... | 2023-11-07 07:15:10 | jake   | student |
+----+--------+---------------+---------------------+--------+---------+
2 rows in set (0.00 sec)

mysql> INSERT INTO topic (title,description,created,author,profile) VALUES('MongoDB', 'MongoDB is ...',NOW(),'jake','student');
Query OK, 1 row affected (0.00 sec)

mysql> SELECT * FROM topic ;                                                                          
+----+---------+----------------+---------------------+--------+---------+
| id | title   | description    | created             | author | profile |
+----+---------+----------------+---------------------+--------+---------+
|  1 | MySQL   | MYSQL is ...   | 2023-11-07 07:14:17 | jake   | student |
|  2 | ORACLE  | ORACLE is ...  | 2023-11-07 07:15:10 | jake   | student |
|  3 | MongoDB | MongoDB is ... | 2023-11-07 07:15:59 | jake   | student |
+----+---------+----------------+---------------------+--------+---------+
3 rows in set (0.00 sec)

mysql> SELECT * FROM topic; 
+----+---------+----------------+---------------------+--------+---------+
| id | title   | description    | created             | author | profile |
+----+---------+----------------+---------------------+--------+---------+
|  1 | MySQL   | MYSQL is ...   | 2023-11-07 07:14:17 | jake   | student |
|  2 | ORACLE  | ORACLE is ...  | 2023-11-07 07:15:10 | jake   | student |
|  3 | MongoDB | MongoDB is ... | 2023-11-07 07:15:59 | jake   | student |
+----+---------+----------------+---------------------+--------+---------+
3 rows in set (0.00 sec)

mysql> SELECT id, title, created, author FROM topic;
+----+---------+---------------------+--------+
| id | title   | created             | author |
+----+---------+---------------------+--------+
|  1 | MySQL   | 2023-11-07 07:14:17 | jake   |
|  2 | ORACLE  | 2023-11-07 07:15:10 | jake   |
|  3 | MongoDB | 2023-11-07 07:15:59 | jake   |
+----+---------+---------------------+--------+
3 rows in set (0.00 sec)

mysql> INSERT INTO topic (title,description,created,author,profile) VALUES('NodeJS', 'NodeJS is ...',NOW(),'bean','student');
Query OK, 1 row affected (0.00 sec)

mysql> SELECT id, title, created, author FROM topic WHERE author = 'bean';
+----+--------+---------------------+--------+
| id | title  | created             | author |
+----+--------+---------------------+--------+
|  4 | NodeJS | 2023-11-07 07:19:28 | bean   |
+----+--------+---------------------+--------+
1 row in set (0.01 sec)

mysql> SELECT id, title, created, author FROM topic ORDER BY id DESC; 
+----+---------+---------------------+--------+
| id | title   | created             | author |
+----+---------+---------------------+--------+
|  4 | NodeJS  | 2023-11-07 07:19:28 | bean   |
|  3 | MongoDB | 2023-11-07 07:15:59 | jake   |
|  2 | ORACLE  | 2023-11-07 07:15:10 | jake   |
|  1 | MySQL   | 2023-11-07 07:14:17 | jake   |
+----+---------+---------------------+--------+
4 rows in set (0.00 sec)

mysql> SELECT id, title, created, author FROM topic ORDER BY id DESC LIMIT 2;
+----+---------+---------------------+--------+
| id | title   | created             | author |
+----+---------+---------------------+--------+
|  4 | NodeJS  | 2023-11-07 07:19:28 | bean   |
|  3 | MongoDB | 2023-11-07 07:15:59 | jake   |
+----+---------+---------------------+--------+
2 rows in set (0.00 sec)
```

##### ğŸ“— UPDATE
```mysql
mysql> UPDATE topic SET description = 'ORACLE is ~~~', title = 'Oracle' WHERE id = 2; 
Query OK, 1 row affected (0.00 sec)
Rows matched: 1  Changed: 1  Warnings: 0

mysql> SELECT * FROM topic;
+----+---------+----------------+---------------------+--------+---------+
| id | title   | description    | created             | author | profile |
+----+---------+----------------+---------------------+--------+---------+
|  1 | MySQL   | MYSQL is ...   | 2023-11-07 07:14:17 | jake   | student |
|  2 | Oracle  | ORACLE is ~~~  | 2023-11-07 07:15:10 | jake   | student |
|  3 | MongoDB | MongoDB is ... | 2023-11-07 07:15:59 | jake   | student |
|  4 | NodeJS  | NodeJS is ...  | 2023-11-07 07:19:28 | bean   | student |
+----+---------+----------------+---------------------+--------+---------+
4 rows in set (0.00 sec)

mysql> UPDATE topic SET description = 'MySQL is ~~~', author = 'bean' WHERE id = 1;
Query OK, 1 row affected (0.00 sec)
Rows matched: 1  Changed: 1  Warnings: 0

mysql> SELECT * FROM topic;
+----+---------+----------------+---------------------+--------+---------+
| id | title   | description    | created             | author | profile |
+----+---------+----------------+---------------------+--------+---------+
|  1 | MySQL   | MySQL is ~~~   | 2023-11-07 07:14:17 | bean   | student |
|  2 | Oracle  | ORACLE is ~~~  | 2023-11-07 07:15:10 | jake   | student |
|  3 | MongoDB | MongoDB is ... | 2023-11-07 07:15:59 | jake   | student |
|  4 | NodeJS  | NodeJS is ...  | 2023-11-07 07:19:28 | bean   | student |
+----+---------+----------------+---------------------+--------+---------+
4 rows in set (0.00 sec)
```

##### ğŸ“— DELETE
```mysql
mysql> DELETE FROM topic WHERE id = 4; 
Query OK, 1 row affected (0.01 sec)

mysql> SELECT * FROM topic;
+----+---------+----------------+---------------------+--------+---------+
| id | title   | description    | created             | author | profile |
+----+---------+----------------+---------------------+--------+---------+
|  1 | MySQL   | MySQL is ~~~   | 2023-11-07 07:14:17 | bean   | student |
|  2 | Oracle  | ORACLE is ~~~  | 2023-11-07 07:15:10 | jake   | student |
|  3 | MongoDB | MongoDB is ... | 2023-11-07 07:15:59 | jake   | student |
+----+---------+----------------+---------------------+--------+---------+
3 rows in set (0.00 sec)
```

íŠ¹ë³„íˆ ì£¼ì˜í•´ì•¼ í•  ê²ƒì€ ì—¬ê¸°ì„œ DBë¥¼ ìˆ˜ì •í•˜ëŠ” ë‹¨ê³„ì—ì„œ `WHERE`ì— ëŒ€í•œ ë‚´ìš©ì„ ì œëŒ€ë¡œ ê¸°ì…í•˜ì§€ ì•Šìœ¼ë©´ ì •ë§ ì¸ìƒì´ ëë‚  ìˆ˜ ìˆê¸° ë•Œë¬¸ì— ë§¤ìš° ì£¼ì˜í•´ì•¼ í•œë‹¤.


[[More Details about DB_egoing]]












